"job_url","title","company","location","scrape_date","scrape_time"
# Jobs Scraped at : , #, 2025-09-18, 16:44:51
"https://in.indeed.com/viewjob?jk=4a19059bdcb5e4d3","AI Engineer","Mercari India","KA, IN","2025-09-18","16:44:51"
"https://in.indeed.com/viewjob?jk=66e462502377423a","AI Engineer","COGNNA","Remote, IN","2025-09-18","16:44:51"
# Jobs Scraped at : , #, 2025-09-18, 17:18:02
"https://www.linkedin.com/jobs/view/4302416525","Data Scientist (Search, eCommerce, AI/ML)","CG-VAK Software & Exports Ltd.","Pune, Maharashtra, India","2025-09-18","17:18:02"
"https://www.linkedin.com/jobs/view/4302415638","Head Data Scientist (Search, eCommerce, AI/ML)","CG-VAK Software & Exports Ltd.","Pune, Maharashtra, India","2025-09-18","17:18:02"
"https://www.linkedin.com/jobs/view/4300699261","Senior Machine Learning Engineer","Quantiphi","Trivandrum, Kerala, India","2025-09-18","17:18:02"
# Jobs Scraped at : , #, 2025-09-18, 18:30:15
"https://in.indeed.com/viewjob?jk=bd7f5a0a61b14f35","Senior Engineer, Machine Learning Engineering-1","Mastercard","MH, IN","2025-09-18","18:30:15"
"https://in.indeed.com/viewjob?jk=ba28d5eaa3de5edd","Lead Engineer, Machine Learning Engineering","Mastercard","MH, IN","2025-09-18","18:30:15"
"https://www.linkedin.com/jobs/view/4302418629","Machine Learning Engineer","Passionbits","Bengaluru, Karnataka, India","2025-09-18","18:30:15"
"https://www.linkedin.com/jobs/view/4302433361","Group Lead, IT - Data Engineering Chapter","Kraft Heinz","Ahmedabad, Gujarat, India","2025-09-18","18:30:15"
# Jobs Scraped at : , #, 2025-09-18, 18:50:50
"https://in.indeed.com/viewjob?jk=f80eedd75753586c","Senior Machine Learning Engineer","Quantiphi","KL, IN","2025-09-18","18:50:50"
# Jobs Scraped at : , #, 2025-09-19, 01:38:14
"https://www.linkedin.com/jobs/view/4302859170","Interesting Job Opportunity: Wobot.ai - Computer Vision Engineer - Python/OpenCV","Wobot AI","","2025-09-19","01:38:14"
"https://www.linkedin.com/jobs/view/4302860175","Interesting Job Opportunity: Machine Learning Engineer - NLP/LLM","MyNaksh","Bengaluru, Karnataka, India","2025-09-19","01:38:14"
"https://www.linkedin.com/jobs/view/4302877023","Sigmasoft - Generative AI Data Engineer","Sigmasoftâ„¢","Pune, Maharashtra, India","2025-09-19","01:38:14"
# Jobs Scraped at : , #, 2025-09-19, 03:47:59
"https://www.linkedin.com/jobs/view/4302700038","Machine Learning Engineers","GlobalPros","","2025-09-19","03:47:59"
"https://www.linkedin.com/jobs/view/4302495040","Azure AI Engineer - India","eduCLaaS","New Delhi, Delhi, India","2025-09-19","03:47:59"
# Jobs Scraped at : , #, 2025-09-19, 05:18:55
"https://in.indeed.com/viewjob?jk=2cc2d5dad7370915","Senior Machine Learning Engineer (R0099955)","Domnic Lewis","KA, IN","2025-09-19","05:18:55"
"https://www.linkedin.com/jobs/view/4302491485","Founding AI Engineer","owow","","2025-09-19","05:18:55"
# Jobs Scraped at : , #, 2025-09-19, 05:40:14
"https://www.linkedin.com/jobs/view/4302488784","Staff Machine Learning Engineer- GenAI","Coupang","Bengaluru, Karnataka, India","2025-09-19","05:40:14"
# Jobs Scraped at : , #, 2025-09-19, 06:30:33
"https://www.linkedin.com/jobs/view/4302493524","Machine Learning Engineer","BayOne Solutions","","2025-09-19","06:30:33"
"https://www.linkedin.com/jobs/view/4300443175","Machine Learning Engineer - H&E Staining","Micro Crispr Pvt. Ltd.","Delhi, India","2025-09-19","06:30:33"
"https://www.linkedin.com/jobs/view/4301051211","AI Architect / Senior Data Scientist","CirrusLabs","Bengaluru, Karnataka, India","2025-09-19","06:30:33"
"https://www.linkedin.com/jobs/view/4301036458","Senior AI Engineer","Quantal AI","Mumbai, Maharashtra, India","2025-09-19","06:30:33"
"https://www.linkedin.com/jobs/view/4302899820","IN_Senior Associate_Data Scientist Gen AI_Data & Analytics_Advisory_Hyderabad","PwC India","Hyderabad, Telangana, India","2025-09-19","06:30:33"
# Jobs Scraped at : , #, 2025-09-19, 07:19:31
"https://www.linkedin.com/jobs/view/4301036507","Computer Vision / Machine Learning Engineer","iGuru Software Ltd.","Ahmedabad, Gujarat, India","2025-09-19","07:19:31"
"https://www.linkedin.com/jobs/view/4303015333","Computer Vision Engineer (Freelancer)","Soul AI","","2025-09-19","07:19:31"
"https://www.linkedin.com/jobs/view/4303016320","Machine Learning Engineer (Freelancer)","Soul AI","","2025-09-19","07:19:31"
"https://www.linkedin.com/jobs/view/4302496800","AI Engineer","msg global solutions","Bengaluru, Karnataka, India","2025-09-19","07:19:31"
"https://www.linkedin.com/jobs/view/4302492880","AI Engineer Intern","Desible.ai","Bengaluru, Karnataka, India","2025-09-19","07:19:31"
"https://www.linkedin.com/jobs/view/4302711140","Calsoft is Hiring | AI Engineers (Semantic Kernel)","Calsoft","Bengaluru, Karnataka, India","2025-09-19","07:19:31"
"https://www.linkedin.com/jobs/view/4302706514","Sr. AI Engineer","Zykrr â€” The CX Monetization Company","Gurugram, Haryana, India","2025-09-19","07:19:31"
# Jobs Scraped at : , #, 2025-09-19, 07:38:03
"https://www.linkedin.com/jobs/view/4302703666","Data Scientist","NTek Software Solutions","Bengaluru, Karnataka, India","2025-09-19","07:38:03"
"https://www.linkedin.com/jobs/view/4303008431","Data Scientist (Freelancer)","Soul AI","","2025-09-19","07:38:03"
# Jobs Scraped at : , #, 2025-09-19, 08:27:08
"https://www.linkedin.com/jobs/view/4302704780","AI Engineer","Claimsync.ai","Bengaluru, Karnataka, India","2025-09-19","08:27:08"
"https://www.linkedin.com/jobs/view/4303007556","Senior AI Engineer","Rockwell Automation","Andaman and Nicobar Islands, India","2025-09-19","08:27:08"
"https://www.linkedin.com/jobs/view/4303022348","Senior AI Engineer","Rockwell Automation","Hyderabad, Telangana, India","2025-09-19","08:27:08"
"https://www.linkedin.com/jobs/view/4303007555","Senior AI Engineer","Rockwell Automation","Pune, Maharashtra, India","2025-09-19","08:27:08"
"https://www.linkedin.com/jobs/view/4303012498","Senior AI Engineer","Rockwell Automation","Andaman and Nicobar Islands, India","2025-09-19","08:27:08"
"https://www.linkedin.com/jobs/view/4301049423","AI Engineer (3-7 Years of Exp I Mumbai  I  Immediate Joiners)","Perimattic","","2025-09-19","08:27:08"
# Jobs Scraped at : , #, 2025-09-19, 08:47:02
"https://www.linkedin.com/jobs/view/4302708771","Machine Learning Engineer â€“ Image Processing (1-2 Years Exp.)","Orbion Infotech","","2025-09-19","08:47:02"
# Jobs Scraped at : , #, 2025-09-19, 09:22:16
"https://www.linkedin.com/jobs/view/4302722111","Machine Learning Engineer Intern","Pixeltalent Lab","","2025-09-19","09:22:16"
"https://www.linkedin.com/jobs/view/4217133316","Founding/Lead Data Scientist (Generalist) â€” ML, GenAI, and DL","SkillCamper","Bengaluru, Karnataka, India","2025-09-19","09:22:16"
"https://www.linkedin.com/jobs/view/4302721088","AI Engineer","techolution","Hyderabad, Telangana, India","2025-09-19","09:22:16"
"https://www.linkedin.com/jobs/view/4302171754","AI Engineer - GPT / LangChain / RAG / Data Pipelines","Peak Trust","","2025-09-19","09:22:16"
"https://www.linkedin.com/jobs/view/4302714446","Agentic AI Developer","Perceptive Labs","Ahmedabad, Gujarat, India","2025-09-19","09:22:16"
"https://www.linkedin.com/jobs/view/4300680219","AI Engineering Intern (Bhopal)","AskGalore","Bhopal, Madhya Pradesh, India","2025-09-19","09:22:16"
# Jobs Scraped at : , #, 2025-09-19, 09:40:16
"https://www.linkedin.com/jobs/view/4048211513","Lead Gen AI Data Scientist - GenAI","Fractal","Bengaluru, Karnataka, India","2025-09-19","09:40:16"
"https://www.linkedin.com/jobs/view/4301060026","Intern Python AI Developer","EzyGamers Studio","Bengaluru, Karnataka, India","2025-09-19","09:40:16"
"https://www.linkedin.com/jobs/view/4302708863","Machine Learning Engineer","Meant To Be Inc","Gurugram, Haryana, India","2025-09-19","09:40:16"
"https://www.linkedin.com/jobs/view/4302715422","Generative AI Developer","100x.inc","","2025-09-19","09:40:16"
"https://www.linkedin.com/jobs/view/4303006797","AI Engineer - Oracle Integration","PracticeSuite, Inc.","Kochi, Kerala, India","2025-09-19","09:40:16"
# Jobs Scraped at : , #, 2025-09-19, 10:21:50
"https://www.linkedin.com/jobs/view/4280858210","Senior Data Scientist / Data Scientist (AI/ML)","Fractal","Bengaluru, Karnataka, India","2025-09-19","10:21:50"
"https://www.linkedin.com/jobs/view/4290399839","Gen AI Engineer - RAG Systems & AI Transformation","Gainwell Technologies","Bengaluru, Karnataka, India","2025-09-19","10:21:50"
# Jobs Scraped at : , #, 2025-09-19, 10:42:09
"https://in.indeed.com/viewjob?jk=a905f578cd4f02ae","Azure Data Engineer","ProArch","TS, IN","2025-09-19","10:42:09"
"https://www.linkedin.com/jobs/view/4302728118","Data Scientist","The People Ready Staffing","Bengaluru South, Karnataka, India","2025-09-19","10:42:09"
# Jobs Scraped at : , #, 2025-09-19, 11:17:18
"https://www.linkedin.com/jobs/view/4301052989","Machine Learning Engineer","QualityKiosk Technologies Pvt. Ltd.","Mumbai, Maharashtra, India","2025-09-19","11:17:18"
"https://www.linkedin.com/jobs/view/4302724319","Agentic AI Engineer (Google Agentspace)","techolution","Hyderabad, Telangana, India","2025-09-19","11:17:18"
# Jobs Scraped at : , #, 2025-09-19, 11:37:56
"https://www.linkedin.com/jobs/view/4279836006","Data Scientists","TaskUs","Haryana, India","2025-09-19","11:37:56"
"https://www.linkedin.com/jobs/view/4301059481","STAFF, DATA SCIENTIST (MLE)","Walmart Global Tech India","Bengaluru, Karnataka, India","2025-09-19","11:37:56"
# Jobs Scraped at : , #, 2025-09-19, 12:41:55
"https://www.linkedin.com/jobs/view/4303038532","AI Engineer","Blend","Hyderabad, Telangana, India","2025-09-19","12:41:55"
"https://www.linkedin.com/jobs/view/4302733532","Machine Learning Engineer","Orbit Core Tech","Bengaluru, Karnataka, India","2025-09-19","12:41:55"
"https://www.linkedin.com/jobs/view/4303027680","Senior Machine Learning Engineer","Accenture","Pune, Maharashtra, India","2025-09-19","12:41:55"
"https://www.linkedin.com/jobs/view/4303038600","Lead AI Engineer","Zeta","Bengaluru, Karnataka, India","2025-09-19","12:41:55"
"https://www.linkedin.com/jobs/view/4302734243","Data Scientist","Motorola Solutions","","2025-09-19","12:41:55"
"https://www.linkedin.com/jobs/view/4302738161","Backend Python / AI Engineer","JuiceLabs AI","","2025-09-19","12:41:55"
# Jobs Scraped at : , #, 2025-09-19, 13:29:23
"https://in.indeed.com/viewjob?jk=ddf8e62f5c2e4538","Manager II, Data Engineering","Uber","TS, IN","2025-09-19","13:29:23"
"https://www.linkedin.com/jobs/view/4303029964","AI Engineer","AryaXAI","Mumbai, Maharashtra, India","2025-09-19","13:29:23"
"https://www.linkedin.com/jobs/view/4302726862","GEN AI Developer","Birlasoft","","2025-09-19","13:29:23"
"https://www.linkedin.com/jobs/view/4303045876","AI Engineer - Prime Focus Technologies","DNEG","Bengaluru, Karnataka, India","2025-09-19","13:29:23"
"https://www.linkedin.com/jobs/view/4244462189","Senior Enterprise IT Automation & AI Specialist","Netradyne","Bengaluru, Karnataka, India","2025-09-19","13:29:23"
"https://www.linkedin.com/jobs/view/4302738331","Asset & Wealth Management - Wealth AI Engineering - Vice President - Bengaluru","Goldman Sachs","Bengaluru, Karnataka, India","2025-09-19","13:29:23"
# Jobs Scraped at : , #, 2025-09-19, 13:45:09
"https://www.linkedin.com/jobs/view/4303033444","Lead AI Engineer","Ecolab","Bengaluru, Karnataka, India","2025-09-19","13:45:09"
"https://www.linkedin.com/jobs/view/4292487469","Machine Learning Engineer â€“ Network Observability","LSEG","Bengaluru, Karnataka, India","2025-09-19","13:45:09"
# Jobs Scraped at : , #, 2025-09-19, 14:19:34
"https://in.indeed.com/viewjob?jk=03641356daf8a8cc","Sustainability Data Engineer","ExxonMobil","KA, IN","2025-09-19","14:19:34"
"https://www.linkedin.com/jobs/view/4269119745","AI Developer","Electrolux Group","Bengaluru, Karnataka, India","2025-09-19","14:19:34"
"https://www.linkedin.com/jobs/view/4281141372","Design Technology Data Scientist","Gensler","Bengaluru, Karnataka, India","2025-09-19","14:19:34"
"https://www.linkedin.com/jobs/view/4156634585","Data Scientist / Senior Data Scientist, India - BCG X","BCG X","","2025-09-19","14:19:34"
"https://www.linkedin.com/jobs/view/4156631914","Data Scientist / Senior Data Scientist, India - BCG X","BCG X","Gurgaon, Haryana, India","2025-09-19","14:19:34"
# Jobs Scraped at : , #, 2025-09-19, 14:42:16
"https://www.linkedin.com/jobs/view/4261926536","DE-Azure ML And AI Engineer-GDSN02","EY","Hyderabad, Telangana, India","2025-09-19","14:42:16"
# Jobs Scraped at : , #, 2025-09-19, 15:20:47
"https://www.linkedin.com/jobs/view/4302762716","Senior AI Engineer","ShopOS","Bengaluru, Karnataka, India","2025-09-19","15:20:47"
"https://www.linkedin.com/jobs/view/4303069545","AI Engineer","FinThrive India","Gurugram, Haryana, India","2025-09-19","15:20:47"
"https://www.linkedin.com/jobs/view/4301074977","DE-Azure ML And AI Engineer-GDSN02","EY","Bengaluru, Karnataka, India","2025-09-19","15:20:47"
"https://www.linkedin.com/jobs/view/4301088135","DE-Azure ML And AI Engineer-GDSN02","EY","Hyderabad, Telangana, India","2025-09-19","15:20:47"
"https://www.linkedin.com/jobs/view/4301084222","DE-Azure ML And AI Engineer-GDSN02","EY","Kanayannur, Kerala, India","2025-09-19","15:20:47"
"https://www.linkedin.com/jobs/view/4261923872","DE-Azure ML And AI Engineer-GDSN02","EY","Kanayannur, Kerala, India","2025-09-19","15:20:47"
"https://www.linkedin.com/jobs/view/4261923873","DE-Azure ML And AI Engineer-GDSN02","EY","Bengaluru, Karnataka, India","2025-09-19","15:20:47"
# Jobs Scraped at : , #, 2025-09-19, 16:24:31
"https://www.linkedin.com/jobs/view/4299264344","Senior Machine Learning Engineer","Tractable","Noida, Uttar Pradesh, India","2025-09-19","16:24:31"
# Jobs Scraped at : , #, 2025-09-19, 17:17:23
"https://in.indeed.com/viewjob?jk=98ac0e0d1199c37d","Azure Data Engineer","Cushman & Wakefield","TS, IN","2025-09-19","17:17:23"
"https://in.indeed.com/viewjob?jk=b8a2f4508d01656e","Sr.Azure Data Engineer | Hyderabad","Cushman & Wakefield","TS, IN","2025-09-19","17:17:23"
"https://www.linkedin.com/jobs/view/4301099660","Advisor Data Science AI Engineer","Gainwell Technologies","Bengaluru, Karnataka, India","2025-09-19","17:17:23"
"https://www.linkedin.com/jobs/view/4303089029","Mid level GenAI Engineers","NTT DATA North America","Hyderabad, Telangana, India","2025-09-19","17:17:23"
"https://www.linkedin.com/jobs/view/4303072954","Mid level GenAI Engineers","NTT DATA North America","Hyderabad, Telangana, India","2025-09-19","17:17:23"
"https://www.linkedin.com/jobs/view/4303081157","Mid level GenAI Engineers","NTT DATA North America","Hyderabad, Telangana, India","2025-09-19","17:17:23"
"https://www.linkedin.com/jobs/view/4303079180","Mid level GenAI Engineers","NTT DATA North America","Hyderabad, Telangana, India","2025-09-19","17:17:23"
# Jobs Scraped at : , #, 2025-09-19, 17:39:06
"https://www.linkedin.com/jobs/view/4303084277","AI Engineer","OutSystems","Bengaluru, Karnataka, India","2025-09-19","17:39:06"
# Jobs Scraped at : , #, 2025-09-19, 18:28:18
"https://www.linkedin.com/jobs/view/4302785762","AI Engineer (Automotive)","Infosys","Bengaluru East, Karnataka, India","2025-09-19","18:28:18"
"https://www.linkedin.com/jobs/view/4229143761","Senior Gen AI Engineer (R-17677)","Dun & Bradstreet","Chennai, Tamil Nadu, India","2025-09-19","18:28:18"
"https://www.linkedin.com/jobs/view/4303075530","Senior AI Engineer","Bajaj Finserv","Pune, Maharashtra, India","2025-09-19","18:28:18"
"https://www.linkedin.com/jobs/view/4303096305","Senior AI Engineer","Bajaj Finserv","Pune, Maharashtra, India","2025-09-19","18:28:18"
"https://www.linkedin.com/jobs/view/4303075531","Senior AI Engineer","Bajaj Finserv","Pune, Maharashtra, India","2025-09-19","18:28:18"
"https://www.linkedin.com/jobs/view/4303073563","Senior AI Engineer","Bajaj Finserv","Pune, Maharashtra, India","2025-09-19","18:28:18"
"https://www.linkedin.com/jobs/view/4303075518","IN-Senior Manager _Data Scientist + Gen AI_ Data Analytics_ Advisory_ Bangalore","PwC India","Bengaluru, Karnataka, India","2025-09-19","18:28:18"
"https://www.linkedin.com/jobs/view/4303085454","Senior AI Engineer","Bajaj Finserv","Pune, Maharashtra, India","2025-09-19","18:28:18"
"https://www.linkedin.com/jobs/view/4303096307","Associate Lead - AI Engineer","Bajaj Finserv","Pune, Maharashtra, India","2025-09-19","18:28:18"
"https://www.linkedin.com/jobs/view/4303082484","Principal AI Engineer","Ecolab","Bengaluru, Karnataka, India","2025-09-19","18:28:18"
# Jobs Scraped at : , #, 2025-09-19, 19:16:13
"https://www.linkedin.com/jobs/view/4302789026","Full Stack AI Engineer !!! Remote","MARICI Solutions GmbH","","2025-09-19","19:16:13"
# Jobs Scraped at : , #, 2025-09-19, 20:21:39
"https://www.linkedin.com/jobs/view/4303108655","Data Scientist","Employvision Inc.","Bangalore Urban, Karnataka, India","2025-09-19","20:21:39"
"https://www.linkedin.com/jobs/view/4303115226","Senior AI Engineer","Chetty Technologies","","2025-09-19","20:21:39"
# Jobs Scraped at : , #, 2025-09-19, 20:39:31
"https://www.linkedin.com/jobs/view/4301419370","Data Scientists","TaskUs","Chennai, Tamil Nadu, India","2025-09-19","20:39:31"
# Jobs Scraped at : , #, 2025-09-19, 21:17:13
"https://www.linkedin.com/jobs/view/4303112555","Data Scientist","Tech Consulting","Mumbai, Maharashtra, India","2025-09-19","21:17:13"
# Jobs Scraped at : , #, 2025-09-19, 22:18:31
"https://www.linkedin.com/jobs/view/4303115463","Senior Data Scientist","Unilever","Bengaluru, Karnataka, India","2025-09-19","22:18:31"
# Jobs Scraped at : , #, 2025-09-20, 01:26:19
"https://www.linkedin.com/jobs/view/4303248201","DNEG - Senior Machine Learning Engineer","DNEG","Bengaluru, Karnataka, India","2025-09-20","01:26:19"
# Jobs Scraped at : , #, 2025-09-20, 02:41:02
"https://www.linkedin.com/jobs/view/4301437561","AI Developer","Mindful Gurukul Private Limited","Mumbai, Maharashtra, India","2025-09-20","02:41:02"
# Jobs Scraped at : , #, 2025-09-20, 04:41:56
"https://www.linkedin.com/jobs/view/4303159188","Machine Learning Engineer","BayOne Solutions","","2025-09-20","04:41:56"
# Jobs Scraped at : , #, 2025-09-20, 06:28:02
"https://www.linkedin.com/jobs/view/4301465782","Machine Learning Engineer","Crolit","","2025-09-20","06:28:02"
"https://www.linkedin.com/jobs/view/4303160479","Founding AI Engineer","CrazyGoldFish","Gurugram, Haryana, India","2025-09-20","06:28:02"
# Jobs Scraped at : , #, 2025-09-20, 07:17:40
"https://www.linkedin.com/jobs/view/4301471780","Machine Learning Engineer (F/M)","EC2 Consulting Solutions","","2025-09-20","07:17:40"
# Jobs Scraped at : , #, 2025-09-20, 07:37:49
"https://www.linkedin.com/jobs/view/4303167281","Senior Data Scientist","Michael Page","Chennai, Tamil Nadu, India","2025-09-20","07:37:49"
# Jobs Scraped at : , #, 2025-09-20, 08:24:04
"https://www.linkedin.com/jobs/view/4303159709","AI Engineer","Umanist NA","Bengaluru, Karnataka, India","2025-09-20","08:24:04"
# Jobs Scraped at : , #, 2025-09-20, 08:43:14
"https://www.linkedin.com/jobs/view/4303295543","NLP Engineer | $10.5 /hr Remote","Crossing Hurdles","","2025-09-20","08:43:14"
# Jobs Scraped at : , #, 2025-09-20, 09:18:42
"https://www.linkedin.com/jobs/view/4303168460","AI Engineer","Uplevyl","Noida, Uttar Pradesh, India","2025-09-20","09:18:42"
"https://www.linkedin.com/jobs/view/4303514198","AI Engineer","Relay Human Cloud India","Ahmedabad, Gujarat, India","2025-09-20","09:18:42"
"https://www.linkedin.com/jobs/view/4303163569","AWS AI Engineer","Carmatec","","2025-09-20","09:18:42"
# Jobs Scraped at : , #, 2025-09-20, 09:37:49
"https://www.linkedin.com/jobs/view/4281675968","Lead AI Engineer","E.L.F. BEAUTY","Ahmedabad, Gujarat, India","2025-09-20","09:37:49"
# Jobs Scraped at : , #, 2025-09-20, 10:18:59
"https://www.linkedin.com/jobs/view/4130390622","Staff Specialist AI Engineer","Infineon Technologies","Bengaluru East, Karnataka, India","2025-09-20","10:18:59"
"https://www.linkedin.com/jobs/view/4303163674","ðŸš€ Weâ€™re Hiring: Senior Machine Learning Engineer 6yrs -15 yrs(Gen AI, Deep ML, OOPs)","WEN - Women Entrepreneur Network","Bengaluru, Karnataka, India","2025-09-20","10:18:59"
# Jobs Scraped at : , #, 2025-09-20, 11:15:06
"https://www.linkedin.com/jobs/view/4303510489","Data & AI Engineer","GE Appliances, a Haier company","Bangalore Urban, Karnataka, India","2025-09-20","11:15:06"
"https://www.linkedin.com/jobs/view/4303506436","Data & AI Engineer","GE Appliances, a Haier company","Hyderabad, Telangana, India","2025-09-20","11:15:06"
"https://www.linkedin.com/jobs/view/4268198247","Senior MLOps & AI Developer","Giesecke+Devrient","Gurugram, Haryana, India","2025-09-20","11:15:06"
"https://www.linkedin.com/jobs/view/4269695015","Staff Machine Learning Engineer","Automation Anywhere","Bengaluru, Karnataka, India","2025-09-20","11:15:06"
"https://www.linkedin.com/jobs/view/4269694099","Staff Machine Learning Engineer","Automation Anywhere","Bengaluru, Karnataka, India","2025-09-20","11:15:06"
# Jobs Scraped at : , #, 2025-09-20, 12:38:10
"https://www.linkedin.com/jobs/view/4292691794","AI Engineer","Burns & McDonnell India","","2025-09-20","12:38:10"
"https://www.linkedin.com/jobs/view/4303170731","Ai Engineer","GAAYA REALTECH","Kerala, India","2025-09-20","12:38:10"
"https://www.linkedin.com/jobs/view/4301485545","AI Engineer","AV Academy and Edit Lab","Lucknow, Uttar Pradesh, India","2025-09-20","12:38:10"
"https://www.linkedin.com/jobs/view/4303169745","AI Engineer","AV Academy and Edit Lab","Lucknow, Uttar Pradesh, India","2025-09-20","12:38:10"
# Jobs Scraped at : , #, 2025-09-20, 13:22:52
"https://www.linkedin.com/jobs/view/4303183111","AI Developer Intern","Gharana Stays","Jaipur, Rajasthan, India","2025-09-20","13:22:52"
"https://www.linkedin.com/jobs/view/4291132854","Sr AI Engineer","Anblicks","Hyderabad, Telangana, India","2025-09-20","13:22:52"
# Jobs Scraped at : , #, 2025-09-20, 13:38:48
"https://www.linkedin.com/jobs/view/4291132084","AI Engineer","IBM","Bengaluru, Karnataka, India","2025-09-20","13:38:48"
# Jobs Scraped at : , #, 2025-09-20, 14:17:01
"https://www.linkedin.com/jobs/view/4293015700","Machine Learning Engineer 2","Adobe","Noida, Uttar Pradesh, India","2025-09-20","14:17:01"
"https://www.linkedin.com/jobs/view/4291123660","AI Engineer","IBM","Kochi, Kerala, India","2025-09-20","14:17:01"
"https://www.linkedin.com/jobs/view/4156634588","AI Engineer / Senior AI Engineer, India - BCG X","BCG X","Gurgaon, Haryana, India","2025-09-20","14:17:01"
"https://www.linkedin.com/jobs/view/4258413846","Senior AI Engineer","Armada","Thiruvananthapuram, Kerala, India","2025-09-20","14:17:01"
"https://www.linkedin.com/jobs/view/4258419203","Senior AI Engineer","Armada","Thiruvananthapuram, Kerala, India","2025-09-20","14:17:01"
# Jobs Scraped at : , #, 2025-09-20, 14:38:28
"https://www.linkedin.com/jobs/view/4257178552","AI Devops Consultant","Oracle","Trivandrum, Kerala, India","2025-09-20","14:38:28"
"https://www.linkedin.com/jobs/view/4257178554","AI Devops Consultant","Oracle","Bengaluru, Karnataka, India","2025-09-20","14:38:28"
"https://www.linkedin.com/jobs/view/4257178553","AI Devops Consultant","Oracle","Hyderabad, Telangana, India","2025-09-20","14:38:28"
"https://www.linkedin.com/jobs/view/4257183099","AI Devops Consultant","Oracle","Ahmedabad, Gujarat, India","2025-09-20","14:38:28"
"https://www.linkedin.com/jobs/view/4257182328","AI Devops Consultant","Oracle","Chennai, Tamil Nadu, India","2025-09-20","14:38:28"
# Jobs Scraped at : , #, 2025-09-20, 15:18:20
"https://in.indeed.com/viewjob?jk=74d6c4c280d3ab62","Data & AI Engineer","GE Appliances","KA, IN","2025-09-20","15:18:20"
"https://www.linkedin.com/jobs/view/4303522157","AI/ML Engineer/Data Scientist","Andor Tech","","2025-09-20","15:18:20"
"https://www.linkedin.com/jobs/view/4302768426","Machine Learning & Generative AI Engineer","Integers.Ai","Bengaluru, Karnataka, India","2025-09-20","15:18:20"
"https://www.linkedin.com/jobs/view/4257175803","AI Devops Consultant","Oracle","Noida, Uttar Pradesh, India","2025-09-20","15:18:20"
# Jobs Scraped at : , #, 2025-09-20, 18:25:33
"https://www.linkedin.com/jobs/view/4303197243","Computer Vision Engineer","Infosys","Bengaluru East, Karnataka, India","2025-09-20","18:25:33"
"https://www.linkedin.com/jobs/view/4301518679","Data Scientist","Valiance Solutions","Gurugram, Haryana, India","2025-09-20","18:25:33"
# Jobs Scraped at : , #, 2025-09-21, 01:44:46
"https://www.linkedin.com/jobs/view/4303551016","Neo Group - Junior Machine Learning Engineer - Data Structure/Algorithm","Neo Wealth and Asset Management","Goa, Goa, India","2025-09-21","01:44:46"
"https://www.linkedin.com/jobs/view/4303530871","Senior Artificial Intelligence/Machine Learning Engineer - Agentic AI","Jobhedge Consultancy","Bengaluru, Karnataka, India","2025-09-21","01:44:46"
"https://www.linkedin.com/jobs/view/4303543123","Neo Group - Machine Learning Engineer - NLP/Statistical Modeling","Neo Wealth and Asset Management","Mumbai, Maharashtra, India","2025-09-21","01:44:46"
"https://www.linkedin.com/jobs/view/4303543113","Neo Group - Senior Machine Learning Engineer","Neo Wealth and Asset Management","Goa, Goa, India","2025-09-21","01:44:46"
"https://www.linkedin.com/jobs/view/4303540792","Responsive - Machine Learning Engineer","Responsive","Bengaluru, Karnataka, India","2025-09-21","01:44:46"
# Jobs Scraped at : , #, 2025-09-21, 03:51:00
"https://www.linkedin.com/jobs/view/4303318311","Machine Learning Engineer","BayOne Solutions","","2025-09-21","03:51:00"
# Jobs Scraped at : , #, 2025-09-21, 06:29:07
"https://www.linkedin.com/jobs/view/4301863230","Senior Data Scientist","Zepto","Bengaluru, Karnataka, India","2025-09-21","06:29:07"
# Jobs Scraped at : , #, 2025-09-21, 07:37:28
"https://www.linkedin.com/jobs/view/4303310927","Machine Learning Engineer Intern","Pixeltalent Lab","","2025-09-21","07:37:28"
# Jobs Scraped at : , #, 2025-09-21, 11:14:26
"https://www.linkedin.com/jobs/view/4301851984","Data Scientist","Kidaura","Mumbai, Maharashtra, India","2025-09-21","11:14:26"
# Jobs Scraped at : , #, 2025-09-21, 12:37:40
"https://www.linkedin.com/jobs/view/4281898086","Machine Learning Engineer","Infosys","Bengaluru East, Karnataka, India","2025-09-21","12:37:40"
# Jobs Scraped at : , #, 2025-09-21, 17:16:03
"https://www.linkedin.com/jobs/view/4303342476","AI Developer","Growth Valley Community","Gurugram, Haryana, India","2025-09-21","17:16:03"
# Jobs Scraped at : , #, 2025-09-21, 19:38:07
"https://www.linkedin.com/jobs/view/4303593399","AI Engineer (Enterprise Cloud   ML/AI)","Amicus","Pune, Maharashtra, India","2025-09-21","19:38:07"
# Jobs Scraped at : , #, 2025-09-21, 23:17:46
"https://in.indeed.com/viewjob?jk=080a1cca46520dfd","Machine Learning Engineer Senior Consultant","Dell Technologies","KA, IN","2025-09-21","23:17:46"
# Jobs Scraped at : , #, 2025-09-22, 01:44:48
"https://www.linkedin.com/jobs/view/4303365103","Machine Learning Engineer","Infosys","Bengaluru East, Karnataka, India","2025-09-22","01:44:48"
"https://www.linkedin.com/jobs/view/4301882776","Computer Vision Engineer","Green HR Solutions","","2025-09-22","01:44:48"
"https://www.linkedin.com/jobs/view/4303363245","Senior Data Scientist (Remote)","Arrise Solutions (India) Pvt. Ltd.","Hyderabad, Telangana, India","2025-09-22","01:44:48"
# Jobs Scraped at : , #, 2025-09-22, 04:24:31
"https://www.linkedin.com/jobs/view/4303371567","Machine Learning Engineer","BayOne Solutions","","2025-09-22","04:24:31"
# Jobs Scraped at : , #, 2025-09-22, 05:20:36
"https://www.linkedin.com/jobs/view/4302319093","PX-Gen AI Engineer-1","Ubique Systems","Bangalore Urban, Karnataka, India","2025-09-22","05:20:36"
"https://www.linkedin.com/jobs/view/4300634261","Sr. AI Engineer","smartSense Consulting Solutions","Gandhinagar, Gujarat, India","2025-09-22","05:20:36"
# Jobs Scraped at : , #, 2025-09-22, 05:41:00
"https://www.linkedin.com/jobs/view/4303378656","Senior Data Scientist(Search, eCommerce, AI/ML)","TalentXO","Pune, Maharashtra, India","2025-09-22","05:41:00"
# Jobs Scraped at : , #, 2025-09-22, 06:32:42
"https://in.indeed.com/viewjob?jk=76231320e722fae9","Junior AI Engineer","Lincode","KA, IN","2025-09-22","06:32:42"
# Jobs Scraped at : , #, 2025-09-22, 07:21:33
"https://www.linkedin.com/jobs/view/4302309524","Machine Learning Engineer (F/M)","Ficha","","2025-09-22","07:21:33"
"https://www.linkedin.com/jobs/view/4303394020","Sr Machine Learning Engineer â€“ Computer Vision","Track3D","Hyderabad, Telangana, India","2025-09-22","07:21:33"
"https://www.linkedin.com/jobs/view/4298590833","Senior AI Engineer","Collabera","Bangalore Urban, Karnataka, India","2025-09-22","07:21:33"
"https://www.linkedin.com/jobs/view/4303945885","Machine Learning Engineer Senior Consultant","Dell Technologies","Bengaluru, Karnataka, India","2025-09-22","07:21:33"
"https://www.linkedin.com/jobs/view/4303384899","AI Engineer","Opvia.in","Kolkata metropolitan area, West Bengal, India","2025-09-22","07:21:33"
"https://www.linkedin.com/jobs/view/4302320223","Azure Data & AI Engineer  [Multiple Roles| Data Engineer | Data Scientist |AI Engineer]","Drevol","Vadodara, Gujarat, India","2025-09-22","07:21:33"
# Jobs Scraped at : , #, 2025-09-22, 07:39:29
"https://www.linkedin.com/jobs/view/4302309604","Machine Learning Engineer - Computer Vision","SFL","Bengaluru, Karnataka, India","2025-09-22","07:39:29"
# Jobs Scraped at : , #, 2025-09-22, 08:28:57
"https://www.linkedin.com/jobs/view/4302327023","Part-Time AI Engineer â€“ Conversational Voice AI Agent","Tunk.ai","","2025-09-22","08:28:57"
"https://www.linkedin.com/jobs/view/4303976201","NLP Engineer","Crossing Hurdles","","2025-09-22","08:28:57"
"https://www.linkedin.com/jobs/view/4303615476","AWS AI Developer Hot","AES Technologies India Pvt Limited","Coimbatore, Tamil Nadu, India","2025-09-22","08:28:57"
# Jobs Scraped at : , #, 2025-09-22, 08:50:09
"https://www.linkedin.com/jobs/view/4303631360","AI Developer","Nexority","Noida, Uttar Pradesh, India","2025-09-22","08:50:09"
"https://www.linkedin.com/jobs/view/4303399170","D365 - AI Engineers","Tata Consultancy Services","Chennai, Tamil Nadu, India","2025-09-22","08:50:09"
# Jobs Scraped at : , #, 2025-09-22, 09:25:13
"https://www.linkedin.com/jobs/view/4303977600","AI Engineer","The Madras Branding Company","Chennai, Tamil Nadu, India","2025-09-22","09:25:13"
"https://www.linkedin.com/jobs/view/4303963740","Machine Learning Engineer","Dirac Labs","Bengaluru, Karnataka, India","2025-09-22","09:25:13"
"https://www.linkedin.com/jobs/view/4303631544","Computer Vision Engineer","Tango Eye","Chennai, Tamil Nadu, India","2025-09-22","09:25:13"
"https://www.linkedin.com/jobs/view/4213175413","Lead Machine Learning Engineer","DIAGEO India","Bengaluru, Karnataka, India","2025-09-22","09:25:13"
"https://www.linkedin.com/jobs/view/4303632411","Responsible AI Engineer","Accenture services Pvt Ltd","Pune, Maharashtra, India","2025-09-22","09:25:13"
"https://www.linkedin.com/jobs/view/4209777915","Principal AI Engineer - MLOps","Rapid7","Pune, Maharashtra, India","2025-09-22","09:25:13"
# Jobs Scraped at : , #, 2025-09-22, 09:43:29
"https://www.linkedin.com/jobs/view/4303611772","AI Engineer Intern + Automation","R Bhargava & Associates","Gurugram, Haryana, India","2025-09-22","09:43:29"
# Jobs Scraped at : , #, 2025-09-22, 10:23:21
"https://www.linkedin.com/jobs/view/4303625712","Junior Computer Vision Engineer","Biz-Tech Analytics","New Delhi, Delhi, India","2025-09-22","10:23:21"
"https://www.linkedin.com/jobs/view/4303392165","AI Developer","Handysolver","Gurugram, Haryana, India","2025-09-22","10:23:21"
"https://www.linkedin.com/jobs/view/4303628617","Senior Machine Learning Engineer","HireAlpha","Bengaluru, Karnataka, India","2025-09-22","10:23:21"
"https://www.linkedin.com/jobs/view/4303970831","Senior Data Scientist","Quadratyx","Chennai, Tamil Nadu, India","2025-09-22","10:23:21"
# Jobs Scraped at : , #, 2025-09-22, 10:44:43
"https://www.linkedin.com/jobs/view/4303995312","AI Engineer, AI Research Scientist, Applied Scientist","Stellar IT Solutions","","2025-09-22","10:44:43"
"https://www.linkedin.com/jobs/view/4303964969","Lead Machine Learning Engineer","Uplers","","2025-09-22","10:44:43"
# Jobs Scraped at : , #, 2025-09-22, 11:17:51
"https://in.indeed.com/viewjob?jk=e5f2d6701a752b3c","Machine Learning Engineer","PhantomFX","TN, IN","2025-09-22","11:17:51"
"https://in.indeed.com/viewjob?jk=0d5d5e1dfc5d196e","Staff Data Engineer","NetraDyne","KA, IN","2025-09-22","11:17:51"
# Jobs Scraped at : , #, 2025-09-22, 11:38:29
"https://in.indeed.com/viewjob?jk=f8e8dfcfe0e8bc56","Computer Vision Engineer","Wastefull Insights Private Limited","GJ, IN","2025-09-22","11:38:29"
"https://www.linkedin.com/jobs/view/4302331893","AI Engineer","Sysfort Inc.","Pune, Maharashtra, India","2025-09-22","11:38:29"
"https://www.linkedin.com/jobs/view/4302335799","Senior Machine Learning Engineer_Full-Time","BeGig","Chennai, Tamil Nadu, India","2025-09-22","11:38:29"
# Jobs Scraped at : , #, 2025-09-22, 12:42:35
"https://www.linkedin.com/jobs/view/4302336768","Computer Vision Engineer","Wastefull Insights","Vadodara, Gujarat, India","2025-09-22","12:42:35"
"https://www.linkedin.com/jobs/view/4304112468","AI Engineer","Blend","Hyderabad, Telangana, India","2025-09-22","12:42:35"
# Jobs Scraped at : , #, 2025-09-22, 13:30:11
"https://www.linkedin.com/jobs/view/4303648640","AI Engineer","Vivasvat Revolutions Limited","Maharashtra, India","2025-09-22","13:30:11"
"https://www.linkedin.com/jobs/view/4302715053","Data Scientist","IXLY Technologies","Coimbatore, Tamil Nadu, India","2025-09-22","13:30:11"
"https://www.linkedin.com/jobs/view/4259070115","Staff Machine Learning Engineer","Netradyne","Bengaluru, Karnataka, India","2025-09-22","13:30:11"
"https://www.linkedin.com/jobs/view/4303622536","AI Engineer â€” Training & Alignment","eeKee AI","Bengaluru, Karnataka, India","2025-09-22","13:30:11"
# Jobs Scraped at : , #, 2025-09-22, 13:47:43
"https://www.linkedin.com/jobs/view/4303654423","Machine Learning Engineer","UNLOXÂ®","Bengaluru, Karnataka, India","2025-09-22","13:47:43"
"https://www.linkedin.com/jobs/view/4304155055","AI Engineer","Matillion","Hyderabad, Telangana, India","2025-09-22","13:47:43"
"https://www.linkedin.com/jobs/view/4303664038","Gen AI Engineer/Data Scientist","VDart Canada","","2025-09-22","13:47:43"
"https://www.linkedin.com/jobs/view/4304113943","Responsible AI Engineer","Accenture in India","Pune, Maharashtra, India","2025-09-22","13:47:43"
# Jobs Scraped at : , #, 2025-09-22, 14:21:17
"https://in.indeed.com/viewjob?jk=a19fca685b96f5e9","AI Engineer","Quleep Pvt Ltd","UP, IN","2025-09-22","14:21:17"
"https://in.indeed.com/viewjob?jk=3901c07535e3557b","DevOps - Lead","Iris Software","UP, IN","2025-09-22","14:21:17"
"https://in.indeed.com/viewjob?jk=0e2c6ede81d56e4a","DevOps - Senior Engineer","Iris Software","UP, IN","2025-09-22","14:21:17"
"https://in.indeed.com/viewjob?jk=e693aeae6c96fdba","DevOps - Senior Engineer","Iris Software","UP, IN","2025-09-22","14:21:17"
"https://in.indeed.com/viewjob?jk=8909b89825e21c5d","DevOps - Senior Engineer","Iris Software","UP, IN","2025-09-22","14:21:17"
"https://in.indeed.com/viewjob?jk=6b18491d4448086f","DevOps - Senior Engineer","Iris Software","UP, IN","2025-09-22","14:21:17"
"https://www.linkedin.com/jobs/view/4304139324","Staff Lead Machine Learning Engineer","Weekday AI (YC W21)","Bengaluru, Karnataka, India","2025-09-22","14:21:17"
"https://www.linkedin.com/jobs/view/4304152527","Python AI Engineer - 17852","Turing","","2025-09-22","14:21:17"
"https://www.linkedin.com/jobs/view/4304149514","Python AI Engineer - 17852","Turing","","2025-09-22","14:21:17"
"https://www.linkedin.com/jobs/view/4304137757","Python AI Engineer - 17852","Turing","Noida, Uttar Pradesh, India","2025-09-22","14:21:17"
"https://www.linkedin.com/jobs/view/4304135759","Python AI Engineer - 17852","Turing","","2025-09-22","14:21:17"
"https://www.linkedin.com/jobs/view/4304139688","Python AI Engineer - 17852","Turing","","2025-09-22","14:21:17"
"https://www.linkedin.com/jobs/view/4304155444","Python AI Engineer - 17852","Turing","","2025-09-22","14:21:17"
# Jobs Scraped at : , #, 2025-09-22, 14:44:24
"https://www.linkedin.com/jobs/view/4304143828","Python AI Engineer - 17852","Turing","Vishakhapatnam, Andhra Pradesh, India","2025-09-22","14:44:24"
"https://www.linkedin.com/jobs/view/4304154588","Python AI Engineer - 17852","Turing","Vishakhapatnam, Andhra Pradesh, India","2025-09-22","14:44:24"
"https://www.linkedin.com/jobs/view/4304138858","Python AI Engineer - 17852","Turing","Vishakhapatnam, Andhra Pradesh, India","2025-09-22","14:44:24"
"https://www.linkedin.com/jobs/view/4304145748","Python AI Engineer - 17852","Turing","Vishakhapatnam, Andhra Pradesh, India","2025-09-22","14:44:24"
"https://www.linkedin.com/jobs/view/4304139683","Python AI Engineer - 17852","Turing","","2025-09-22","14:44:24"
"https://www.linkedin.com/jobs/view/4304150586","Python AI Engineer - 17852","Turing","","2025-09-22","14:44:24"
"https://www.linkedin.com/jobs/view/4304144644","Python AI Engineer - 17852","Turing","","2025-09-22","14:44:24"
"https://www.linkedin.com/jobs/view/4304134789","Python AI Engineer - 17852","Turing","","2025-09-22","14:44:24"
"https://www.linkedin.com/jobs/view/4304154485","Python AI Engineer - 17852","Turing","Noida, Uttar Pradesh, India","2025-09-22","14:44:24"
"https://www.linkedin.com/jobs/view/4304143744","Python AI Engineer - 17852","Turing","Noida, Uttar Pradesh, India","2025-09-22","14:44:24"
"https://www.linkedin.com/jobs/view/4304134820","Python AI Engineer - 17852","Turing","Noida, Uttar Pradesh, India","2025-09-22","14:44:24"
"https://www.linkedin.com/jobs/view/4304156403","Python AI Engineer - 17852","Turing","Noida, Uttar Pradesh, India","2025-09-22","14:44:24"
# Jobs Scraped at : , #, 2025-09-22, 15:22:23
"https://www.linkedin.com/jobs/view/4304145935","Python AI Engineer - 17852","Turing","Chennai, Tamil Nadu, India","2025-09-22","15:22:23"
"https://www.linkedin.com/jobs/view/4304161047","Python AI Engineer - 17852","Turing","Chennai, Tamil Nadu, India","2025-09-22","15:22:23"
"https://www.linkedin.com/jobs/view/4304140990","Python AI Engineer - 17852","Turing","Chennai, Tamil Nadu, India","2025-09-22","15:22:23"
"https://www.linkedin.com/jobs/view/4304148884","Python AI Engineer - 17852","Turing","Chennai, Tamil Nadu, India","2025-09-22","15:22:23"
"https://www.linkedin.com/jobs/view/4304148748","Python AI Engineer - 17852","Turing","Coimbatore, Tamil Nadu, India","2025-09-22","15:22:23"
"https://www.linkedin.com/jobs/view/4304140837","Python AI Engineer - 17852","Turing","Coimbatore, Tamil Nadu, India","2025-09-22","15:22:23"
"https://www.linkedin.com/jobs/view/4304148736","Python AI Engineer - 17852","Turing","Coimbatore, Tamil Nadu, India","2025-09-22","15:22:23"
"https://www.linkedin.com/jobs/view/4304141821","Python AI Engineer - 17852","Turing","Coimbatore, Tamil Nadu, India","2025-09-22","15:22:23"
"https://www.linkedin.com/jobs/view/4304139844","Python AI Engineer - 17852","Turing","Coimbatore, Tamil Nadu, India","2025-09-22","15:22:23"
"https://www.linkedin.com/jobs/view/4304149527","Python AI Engineer - 17852","Turing","","2025-09-22","15:22:23"
"https://www.linkedin.com/jobs/view/4304149790","Python AI Engineer - 17852","Turing","Indore, Madhya Pradesh, India","2025-09-22","15:22:23"
"https://www.linkedin.com/jobs/view/4304141945","Python AI Engineer - 17852","Turing","Indore, Madhya Pradesh, India","2025-09-22","15:22:23"
"https://www.linkedin.com/jobs/view/4304148832","Python AI Engineer - 17852","Turing","Indore, Madhya Pradesh, India","2025-09-22","15:22:23"
"https://www.linkedin.com/jobs/view/4304155646","Python AI Engineer - 17852","Turing","Jaipur, Rajasthan, India","2025-09-22","15:22:23"
"https://www.linkedin.com/jobs/view/4304143963","Python AI Engineer - 17852","Turing","Kolkata, West Bengal, India","2025-09-22","15:22:23"
"https://www.linkedin.com/jobs/view/4304143957","Python AI Engineer - 17852","Turing","Kolkata, West Bengal, India","2025-09-22","15:22:23"
"https://www.linkedin.com/jobs/view/4304136973","Python AI Engineer - 17852","Turing","Kolkata, West Bengal, India","2025-09-22","15:22:23"
"https://www.linkedin.com/jobs/view/4304147830","Python AI Engineer - 17852","Turing","Kolkata, West Bengal, India","2025-09-22","15:22:23"
"https://www.linkedin.com/jobs/view/4304152764","Python AI Engineer - 17852","Turing","Jaipur, Rajasthan, India","2025-09-22","15:22:23"
"https://www.linkedin.com/jobs/view/4304148796","Python AI Engineer - 17852","Turing","Jaipur, Rajasthan, India","2025-09-22","15:22:23"
"https://www.linkedin.com/jobs/view/4304137935","Python AI Engineer - 17852","Turing","Jaipur, Rajasthan, India","2025-09-22","15:22:23"
"https://www.linkedin.com/jobs/view/4304150789","Python AI Engineer - 17852","Turing","Mysuru, Karnataka, India","2025-09-22","15:22:23"
"https://www.linkedin.com/jobs/view/4304144971","Python AI Engineer - 17852","Turing","Lucknow, Uttar Pradesh, India","2025-09-22","15:22:23"
# Jobs Scraped at : , #, 2025-09-22, 15:41:21
"https://www.linkedin.com/jobs/view/4304153858","Python AI Engineer - 17852","Turing","Hyderabad, Telangana, India","2025-09-22","15:41:21"
"https://www.linkedin.com/jobs/view/4304159113","Python AI Engineer - 17852","Turing","Hyderabad, Telangana, India","2025-09-22","15:41:21"
"https://www.linkedin.com/jobs/view/4304166032","Python AI Engineer - 17852","Turing","Hyderabad, Telangana, India","2025-09-22","15:41:21"
"https://www.linkedin.com/jobs/view/4304168018","Python AI Engineer - 17852","Turing","Hyderabad, Telangana, India","2025-09-22","15:41:21"
"https://www.linkedin.com/jobs/view/4304151891","Python AI Engineer - 17852","Turing","Hyderabad, Telangana, India","2025-09-22","15:41:21"
"https://www.linkedin.com/jobs/view/4304142868","Python AI Engineer - 17852","Turing","Mysuru, Karnataka, India","2025-09-22","15:41:21"
"https://www.linkedin.com/jobs/view/4304152730","Python AI Engineer - 17852","Turing","Mysuru, Karnataka, India","2025-09-22","15:41:21"
"https://www.linkedin.com/jobs/view/4304147784","Python AI Engineer - 17852","Turing","Mysuru, Karnataka, India","2025-09-22","15:41:21"
"https://www.linkedin.com/jobs/view/4304136863","Python AI Engineer - 17852","Turing","Vishakhapatnam, Andhra Pradesh, India","2025-09-22","15:41:21"
"https://www.linkedin.com/jobs/view/4304156683","Python AI Engineer - 17852","Turing","Pune, Maharashtra, India","2025-09-22","15:41:21"
"https://www.linkedin.com/jobs/view/4304148814","Python AI Engineer - 17852","Turing","Kolkata, West Bengal, India","2025-09-22","15:41:21"
"https://www.linkedin.com/jobs/view/4304152925","Python AI Engineer - 17852","Turing","Delhi, India","2025-09-22","15:41:21"
"https://www.linkedin.com/jobs/view/4304168027","Python AI Engineer - 17852","Turing","Delhi, India","2025-09-22","15:41:21"
"https://www.linkedin.com/jobs/view/4304163006","Python AI Engineer - 17852","Turing","Lucknow, Uttar Pradesh, India","2025-09-22","15:41:21"
"https://www.linkedin.com/jobs/view/4304153796","Python AI Engineer - 17852","Turing","Lucknow, Uttar Pradesh, India","2025-09-22","15:41:21"
"https://www.linkedin.com/jobs/view/4304157125","Python AI Engineer - 17852","Turing","Lucknow, Uttar Pradesh, India","2025-09-22","15:41:21"
# Jobs Scraped at : , #, 2025-09-22, 16:27:02
"https://www.linkedin.com/jobs/view/4303680547","Lead Agentic AI Engineer","Ket Software","Hyderabad, Telangana, India","2025-09-22","16:27:02"
"https://www.linkedin.com/jobs/view/4304167087","Python AI Engineer - 17852","Turing","Bengaluru, Karnataka, India","2025-09-22","16:27:02"
"https://www.linkedin.com/jobs/view/4304162122","Python AI Engineer - 17852","Turing","Bengaluru, Karnataka, India","2025-09-22","16:27:02"
"https://www.linkedin.com/jobs/view/4304162104","Python AI Engineer - 17852","Turing","Bengaluru, Karnataka, India","2025-09-22","16:27:02"
"https://www.linkedin.com/jobs/view/4304159140","Python AI Engineer - 17852","Turing","Bengaluru, Karnataka, India","2025-09-22","16:27:02"
"https://www.linkedin.com/jobs/view/4304155803","Python AI Engineer - 17852","Turing","Bengaluru, Karnataka, India","2025-09-22","16:27:02"
"https://www.linkedin.com/jobs/view/4304161032","Python AI Engineer - 17852","Turing","Pune, Maharashtra, India","2025-09-22","16:27:02"
"https://www.linkedin.com/jobs/view/4304152847","Python AI Engineer - 17852","Turing","Pune, Maharashtra, India","2025-09-22","16:27:02"
"https://www.linkedin.com/jobs/view/4304160041","Python AI Engineer - 17852","Turing","Pune, Maharashtra, India","2025-09-22","16:27:02"
"https://www.linkedin.com/jobs/view/4304142990","Python AI Engineer - 17852","Turing","Gurugram, Haryana, India","2025-09-22","16:27:02"
"https://www.linkedin.com/jobs/view/4304148899","Python AI Engineer - 17852","Turing","Gurugram, Haryana, India","2025-09-22","16:27:02"
"https://www.linkedin.com/jobs/view/4304165016","Python AI Engineer - 17852","Turing","Chennai, Tamil Nadu, India","2025-09-22","16:27:02"
"https://www.linkedin.com/jobs/view/4304156767","Python AI Engineer - 17852","Turing","Mumbai, Maharashtra, India","2025-09-22","16:27:02"
"https://www.linkedin.com/jobs/view/4304141951","Python AI Engineer - 17852","Turing","Indore, Madhya Pradesh, India","2025-09-22","16:27:02"
"https://www.linkedin.com/jobs/view/4304154817","Python AI Engineer - 17852","Turing","Delhi, India","2025-09-22","16:27:02"
"https://www.linkedin.com/jobs/view/4304168034","Python AI Engineer - 17852","Turing","Delhi, India","2025-09-22","16:27:02"
"https://www.linkedin.com/jobs/view/4304166043","Python AI Engineer - 17852","Turing","Delhi, India","2025-09-22","16:27:02"
# Jobs Scraped at : , #, 2025-09-22, 16:45:42
"https://www.linkedin.com/jobs/view/4304147948","Python AI Engineer - 17852","Turing","Gurugram, Haryana, India","2025-09-22","16:45:42"
"https://www.linkedin.com/jobs/view/4304150946","Python AI Engineer - 17852","Turing","Gurugram, Haryana, India","2025-09-22","16:45:42"
"https://www.linkedin.com/jobs/view/4304142992","Python AI Engineer - 17852","Turing","Gurugram, Haryana, India","2025-09-22","16:45:42"
# Jobs Scraped at : , #, 2025-09-22, 17:16:29
"https://in.indeed.com/viewjob?jk=dd0ba5ed42ff27fa","Senior AI Engineer","Zonopact India Pvt. Ltd.","MH, IN","2025-09-22","17:16:29"
"https://www.linkedin.com/jobs/view/4303688083","AI Engineer","LTIMindtree","Bengaluru, Karnataka, India","2025-09-22","17:16:29"
"https://www.linkedin.com/jobs/view/4302385312","Gen AI Engineer","Virtusa","Gurgaon, Haryana, India","2025-09-22","17:16:29"
# Jobs Scraped at : , #, 2025-09-22, 17:39:22
"https://www.linkedin.com/jobs/view/4300661404","Sr Machine Learning Engineer","PayPal","Bengaluru, Karnataka, India","2025-09-22","17:39:22"
"https://www.linkedin.com/jobs/view/4302607133","SENIOR, DATA SCIENTIST","Walmart Global Tech India","Bengaluru, Karnataka, India","2025-09-22","17:39:22"
"https://www.linkedin.com/jobs/view/4302604186","SENIOR, DATA SCIENTIST","Walmart Global Tech India","Bengaluru, Karnataka, India","2025-09-22","17:39:22"
"https://www.linkedin.com/jobs/view/4302387418","SENIOR, DATA SCIENTIST","Walmart Global Tech India","Bengaluru, Karnataka, India","2025-09-22","17:39:22"
"https://www.linkedin.com/jobs/view/4300664382","Sr Machine Learning Engineer","PayPal","Bengaluru, Karnataka, India","2025-09-22","17:39:22"
"https://www.linkedin.com/jobs/view/4302396280","(IND)Data Scientist III(MLE)","Walmart Global Tech India","Bengaluru, Karnataka, India","2025-09-22","17:39:22"
# Jobs Scraped at : , #, 2025-09-22, 18:27:52
"https://www.linkedin.com/jobs/view/4303691681","Computer Vision Engineer","Infosys","Bengaluru East, Karnataka, India","2025-09-22","18:27:52"
"https://www.linkedin.com/jobs/view/4303683785","AI Engineer (Automotive)","Infosys","Bengaluru East, Karnataka, India","2025-09-22","18:27:52"
# Jobs Scraped at : , #, 2025-09-22, 19:16:38
"https://www.linkedin.com/jobs/view/4302134616","Senior Data Scientist (Search, eCommerce, AI/ML)","JSMYTH TECHNOLOGIES","Pune, Maharashtra, India","2025-09-22","19:16:38"
# Jobs Scraped at : , #, 2025-09-22, 20:40:55
"https://in.indeed.com/viewjob?jk=a57ba4127c866b4c","Lead AI Engineer","MAERSK","KA, IN","2025-09-22","20:40:55"
"https://www.linkedin.com/jobs/view/4216096747","Machine Learning Engineer","zagaopensource","Chennai, Tamil Nadu, India","2025-09-22","20:40:55"
# Jobs Scraped at : , #, 2025-09-23, 01:36:23
"https://in.indeed.com/viewjob?jk=8dbe3db73257fe18","Senior Cloud Engineer","Kinaxis","TN, IN","2025-09-23","01:36:23"
"https://www.linkedin.com/jobs/view/4304473617","AI Engineer Internship in Pune (Hybrid)","Splashgain Technology Solutions","Pune, Maharashtra, India","2025-09-23","01:36:23"
"https://www.linkedin.com/jobs/view/4302618686","Responsible AI Engineer","Accenture in India","Bengaluru, Karnataka, India","2025-09-23","01:36:23"
"https://www.linkedin.com/jobs/view/4302615768","Responsible AI Engineer","Accenture in India","Bengaluru, Karnataka, India","2025-09-23","01:36:23"
# Jobs Scraped at : , #, 2025-09-23, 02:59:05
"https://www.linkedin.com/jobs/view/4216659912","Gen AI Researcher","HCLTech","Bengaluru, Karnataka, India","2025-09-23","02:59:05"
"https://www.linkedin.com/jobs/view/4302622737","Data Scientist","UST","Bengaluru, Karnataka, India","2025-09-23","02:59:05"
"https://www.linkedin.com/jobs/view/4302630677","Data Scientist-Developer III - Software Engineering","UST","Bengaluru, Karnataka, India","2025-09-23","02:59:05"
"https://www.linkedin.com/jobs/view/4302629729","Lead II - Machine Learning Engineer","UST","Bengaluru, Karnataka, India","2025-09-23","02:59:05"
"https://www.linkedin.com/jobs/view/4302617855","Lead I - Software Engineering (AI Engineer)","UST","Bengaluru, Karnataka, India","2025-09-23","02:59:05"
"https://www.linkedin.com/jobs/view/4302620807","Lead I - Software Engineering - AI Engineer","UST","Trivandrum, Kerala, India","2025-09-23","02:59:05"
"https://www.linkedin.com/jobs/view/4302628696","Azure AI Engineer","UST","Bengaluru, Karnataka, India","2025-09-23","02:59:05"
# Jobs Scraped at : , #, 2025-09-23, 03:34:17
"https://www.linkedin.com/jobs/view/4304611493","Gen AI Engineer","Jase HR Solutions","Bengaluru, Karnataka, India","2025-09-23","03:34:17"
# Jobs Scraped at : , #, 2025-09-23, 04:42:52
"https://www.linkedin.com/jobs/view/4304605713","Machine Learning Engineer","goML","","2025-09-23","04:42:52"
"https://www.linkedin.com/jobs/view/4303870561","Machine Learning Engineer","People Prime Worldwide","","2025-09-23","04:42:52"
"https://www.linkedin.com/jobs/view/4303856747","Data Scientist (GenAI & Python)","NTek Software Solutions","Bengaluru, Karnataka, India","2025-09-23","04:42:52"
"https://www.linkedin.com/jobs/view/4303873509","Machine Learning Engineer","People Prime Worldwide","","2025-09-23","04:42:52"
# Jobs Scraped at : , #, 2025-09-23, 05:19:59
"https://in.indeed.com/viewjob?jk=0a11997470459eb8","Python AI Developer","iByte Technologies","UP, IN","2025-09-23","05:19:59"
"https://www.linkedin.com/jobs/view/4303862732","GEN AI Engineer","Office Solution AI Labs","","2025-09-23","05:19:59"
"https://www.linkedin.com/jobs/view/4303876570","Generative AI Developer (GCP, AI/ML) (4+ years)","Raah Techservices","Bengaluru, Karnataka, India","2025-09-23","05:19:59"
"https://www.linkedin.com/jobs/view/4304621576","Data Scientist","Syngene International Limited","Bengaluru, Karnataka, India","2025-09-23","05:19:59"
# Jobs Scraped at : , #, 2025-09-23, 05:41:22
"https://www.linkedin.com/jobs/view/4303862898","AI Engineer (AI/ML)","Workflexi","","2025-09-23","05:41:22"
"https://www.linkedin.com/jobs/view/4303869951","Gen AI Engineer","Capgemini","Bengaluru, Karnataka, India","2025-09-23","05:41:22"
"https://www.linkedin.com/jobs/view/4303856942","AI Developer                                                                    AI Developer","Prana Tree","Bengaluru, Karnataka, India","2025-09-23","05:41:22"
"https://www.linkedin.com/jobs/view/4300914602","AI Developer (.NET and Python)","Capgemini","Bengaluru, Karnataka, India","2025-09-23","05:41:22"
# Jobs Scraped at : , #, 2025-09-23, 06:31:27
"https://in.indeed.com/viewjob?jk=ab05290246316913","Applied Machine Learning Engineer","Apple","KA, IN","2025-09-23","06:31:27"
"https://www.linkedin.com/jobs/view/4303892318","Staff Machine Learning Engineer","Intuit","Bengaluru, Karnataka, India","2025-09-23","06:31:27"
"https://www.linkedin.com/jobs/view/4304631075","Machine Learning Engineer","SWITS DIGITAL Private Limited","Gurugram, Haryana, India","2025-09-23","06:31:27"
"https://www.linkedin.com/jobs/view/4303888079","Machine Learning Engineer","People Prime Worldwide","Bengaluru, Karnataka, India","2025-09-23","06:31:27"
"https://www.linkedin.com/jobs/view/4303885249","Machine Learning Engineer","XPT Software","Bengaluru, Karnataka, India","2025-09-23","06:31:27"
"https://www.linkedin.com/jobs/view/4304637002","Python- AI Specialist (3+ Years)","Awign","Mumbai, Maharashtra, India","2025-09-23","06:31:27"
"https://www.linkedin.com/jobs/view/4303891189","Machine Learning Engineer","Tata Consultancy Services","Hyderabad, Telangana, India","2025-09-23","06:31:27"
"https://www.linkedin.com/jobs/view/4303885268","Distinguished AI Engineer","Idexcel","Bengaluru, Karnataka, India","2025-09-23","06:31:27"
# Jobs Scraped at : , #, 2025-09-23, 07:20:16
"https://www.linkedin.com/jobs/view/4303895501","Machine Learning Engineer (AWS AI/ML)","Virtual Connect Solutions","","2025-09-23","07:20:16"
"https://www.linkedin.com/jobs/view/4304001450","Machine Learning Engineer","BayOne Solutions","","2025-09-23","07:20:16"
"https://www.linkedin.com/jobs/view/4303891468","Sr. Data Scientist","Applore Technologies","Bengaluru, Karnataka, India","2025-09-23","07:20:16"
"https://www.linkedin.com/jobs/view/4303884696","Senior Data Scientist II","Ericsson","Bengaluru, Karnataka, India","2025-09-23","07:20:16"
"https://www.linkedin.com/jobs/view/4302627735","Specialist I - DevOps Engineering","UST","Trivandrum, Kerala, India","2025-09-23","07:20:16"
"https://www.linkedin.com/jobs/view/4303896372","AWS Data Engineer","MapMyBusiness","","2025-09-23","07:20:16"
# Jobs Scraped at : , #, 2025-09-23, 07:39:15
"https://www.linkedin.com/jobs/view/4304000516","AI Engineer / ML Engineer (2â€“4 yrs)","Nexoria Techworks Inc.","Bengaluru, Karnataka, India","2025-09-23","07:39:15"
# Jobs Scraped at : , #, 2025-09-23, 08:27:11
"https://in.indeed.com/viewjob?jk=02034e669b4c06c0","Metadata Analyst","ExxonMobil","KA, IN","2025-09-23","08:27:11"
"https://www.linkedin.com/jobs/view/4303892873","Advanced AI Researchers & Engineers","JohnTuringWatson (JTW) Software Solutions","Kochi, Kerala, India","2025-09-23","08:27:11"
"https://www.linkedin.com/jobs/view/4304643639","GEN AI Engineer","EY","Kochi, Kerala, India","2025-09-23","08:27:11"
"https://www.linkedin.com/jobs/view/4304642743","GEN AI Engineer","EY","Trivandrum, Kerala, India","2025-09-23","08:27:11"
"https://www.linkedin.com/jobs/view/4304007136","Agentic AI Engineer (Google Agentspace)","techolution","Hyderabad, Telangana, India","2025-09-23","08:27:11"
# Jobs Scraped at : , #, 2025-09-23, 09:22:19
"https://in.indeed.com/viewjob?jk=0c5ce9c1322e183e","Senior Data Scientist II","Ericsson-Worldwide","KA, IN","2025-09-23","09:22:19"
"https://www.linkedin.com/jobs/view/4292220415","STAFF, DATA SCIENTIST","Walmart Global Tech India","Bengaluru, Karnataka, India","2025-09-23","09:22:19"
"https://www.linkedin.com/jobs/view/4304001954","WordPress, Elementor and AI Developer","Lead Scaleya","","2025-09-23","09:22:19"
# Jobs Scraped at : , #, 2025-09-23, 09:41:11
"https://www.linkedin.com/jobs/view/4304669079","AI Engineer (Agentic AI)","Uplers","Delhi, India","2025-09-23","09:41:11"
# Jobs Scraped at : , #, 2025-09-23, 10:21:19
"https://www.linkedin.com/jobs/view/4304018388","Machine Learning Engineer","Netradyne","Bengaluru, Karnataka, India","2025-09-23","10:21:19"
"https://www.linkedin.com/jobs/view/4304003648","AI Engineer Intern","AlgorithmX","Gurugram, Haryana, India","2025-09-23","10:21:19"
# Jobs Scraped at : , #, 2025-09-23, 10:42:42
"https://in.indeed.com/viewjob?jk=8f92247e033629cd","Sr.AI Computer Vision Engineer","Ezio Solutions","TN, IN","2025-09-23","10:42:42"
"https://in.indeed.com/viewjob?jk=c03c953c324165d7","AI Engineer","Carifer Technologies","TN, IN","2025-09-23","10:42:42"
"https://www.linkedin.com/jobs/view/4304013676","AI Engineer","Enerture Technologies Pvt Ltd","Gurugram, Haryana, India","2025-09-23","10:42:42"
"https://www.linkedin.com/jobs/view/4301054898","AI/ML/NLP Engineer","NinjaTech","Ahmedabad, Gujarat, India","2025-09-23","10:42:42"
"https://www.linkedin.com/jobs/view/4293781191","Senior Data Engineer","Netradyne","Bengaluru, Karnataka, India","2025-09-23","10:42:42"
# Jobs Scraped at : , #, 2025-09-23, 11:16:50
"https://www.linkedin.com/jobs/view/4304010730","Data Scientist","Employvision Inc.","Bangalore Urban, Karnataka, India","2025-09-23","11:16:50"
"https://www.linkedin.com/jobs/view/4304658859","AGENTIC AI ENGINEER","Life at FlytBase","Pune, Maharashtra, India","2025-09-23","11:16:50"
# Jobs Scraped at : , #, 2025-09-23, 11:38:45
"https://in.indeed.com/viewjob?jk=b71b73e4256707ce","Robot AI Researcher â€“ Advanced Robotics","Addverb Technologies Pvt. Ltd.","IN","2025-09-23","11:38:45"
"https://www.linkedin.com/jobs/view/4304661736","AI Developer","Mindible","","2025-09-23","11:38:45"
"https://www.linkedin.com/jobs/view/4302633664","Machine Learning Engineer (English)","ROMS, Inc","Mumbai, Maharashtra, India","2025-09-23","11:38:45"
"https://www.linkedin.com/jobs/view/4304005998","Lead AI Developer","Dentsu Global Services","Pune, Maharashtra, India","2025-09-23","11:38:45"
"https://www.linkedin.com/jobs/view/4304015815","Lead AI Developer","Dentsu Global Services","Gurugram, Haryana, India","2025-09-23","11:38:45"
# Jobs Scraped at : , #, 2025-09-23, 12:41:42
"https://www.linkedin.com/jobs/view/4304020956","AI Developer (Deep Learning, Computer Vision & Agentic AI) - Immediate Joiners","Blue Cloud Softech Solutions Limited","Bangalore Urban, Karnataka, India","2025-09-23","12:41:42"
"https://www.linkedin.com/jobs/view/4292725808","Data & AI Engineer","Vanderlande","Pune, Maharashtra, India","2025-09-23","12:41:42"
"https://www.linkedin.com/jobs/view/4304027191","AI Engineer | Leadership in Machine Learning, Data Science & AI Innovation","Synechron","Bengaluru East, Karnataka, India","2025-09-23","12:41:42"
"https://www.linkedin.com/jobs/view/4304018816","Lead AI Developer","dentsu","Mumbai, Maharashtra, India","2025-09-23","12:41:42"
"https://www.linkedin.com/jobs/view/4304669741","IN-Senior Manager _Data Scientist + Gen AI_ Data & Analytics_ Advisory_ Bangalore","PwC India","Bengaluru, Karnataka, India","2025-09-23","12:41:42"
"https://www.linkedin.com/jobs/view/4294350281","Associate Director - Data Scientist","Firstsource","","2025-09-23","12:41:42"
# Jobs Scraped at : , #, 2025-09-23, 13:29:59
"https://www.linkedin.com/jobs/view/4156633661","AI Engineer / Senior AI Engineer, India - BCG X","BCG X","","2025-09-23","13:29:59"
"https://www.linkedin.com/jobs/view/4304042311","Lead Data Scientist","The House of Rare","Bengaluru, Karnataka, India","2025-09-23","13:29:59"
"https://www.linkedin.com/jobs/view/4259406053","Geospatial AI Engineer â€“ Defense Intelligence Systems","Auric AI Labs","Bengaluru, Karnataka, India","2025-09-23","13:29:59"
"https://www.linkedin.com/jobs/view/4267011230","Full stack Gen AI Engineer - Sr Associate","PwC Acceleration Center India","Bengaluru, Karnataka, India","2025-09-23","13:29:59"
# Jobs Scraped at : , #, 2025-09-23, 13:47:32
"https://www.linkedin.com/jobs/view/4302667166","Lead Machine Learning Engineer","ZOOP","Pune, Maharashtra, India","2025-09-23","13:47:32"
"https://www.linkedin.com/jobs/view/4304047130","Lead Data Scientist","The House of Rare","Bengaluru, Karnataka, India","2025-09-23","13:47:32"
# Jobs Scraped at : , #, 2025-09-23, 14:20:26
"https://www.linkedin.com/jobs/view/4304036573","AI/ML & Gen AI Developer","Alldigi Tech","Chennai, Tamil Nadu, India","2025-09-23","14:20:26"
"https://www.linkedin.com/jobs/view/4304041633","Machine Learning Engineer","Ampstek","Hyderabad, Telangana, India","2025-09-23","14:20:26"
"https://www.linkedin.com/jobs/view/4304034649","Machine Learning Engineer","Excellent Mirror","Patna, Bihar, India","2025-09-23","14:20:26"
"https://www.linkedin.com/jobs/view/4247281739","Data Analytics and Applied AI Engineer- DFT Methodology","NVIDIA","Bengaluru, Karnataka, India","2025-09-23","14:20:26"
# Jobs Scraped at : , #, 2025-09-23, 16:26:31
"https://in.indeed.com/viewjob?jk=7b2bac5ac037b8e5","DevOps Lead Engineer","Ryan Specialty Group","MH, IN","2025-09-23","16:26:31"
# Jobs Scraped at : , #, 2025-09-23, 16:46:42
"https://www.linkedin.com/jobs/view/4304035299","AI Engineer","ISITCA PRIVATE LIMITED","New Delhi, Delhi, India","2025-09-23","16:46:42"
# Jobs Scraped at : , #, 2025-09-23, 17:26:34
"https://www.linkedin.com/jobs/view/4302682269","Sr. Computer Vision and Machine Learning Engineer","Codvo.ai","","2025-09-23","17:26:34"
# Jobs Scraped at : , #, 2025-09-23, 17:38:41
"https://www.linkedin.com/jobs/view/4304089739","Machine Learning Engineer","World Salon","","2025-09-23","17:38:41"
# Jobs Scraped at : , #, 2025-09-23, 18:30:38
"https://www.linkedin.com/jobs/view/4304094991","Computer Vision Engineer","Infosys","Bengaluru East, Karnataka, India","2025-09-23","18:30:38"
"https://www.linkedin.com/jobs/view/4302684371","Senior AI Engineer (Remote I Immediate Joiners)","Perimattic","","2025-09-23","18:30:38"
"https://www.linkedin.com/jobs/view/4302699216","Sr. Machine Learning Engineer","Prodege, LLC","Pune, Maharashtra, India","2025-09-23","18:30:38"
# Jobs Scraped at : , #, 2025-09-23, 18:50:41
"https://in.indeed.com/viewjob?jk=3e37f122044dee1d","Senior Data Scientist","Hero Moto Corp","KA, IN","2025-09-23","18:50:41"
"https://www.linkedin.com/jobs/view/4305114183","AI Engineer","Uplers","Kochi, Kerala, India","2025-09-23","18:50:41"
"https://www.linkedin.com/jobs/view/4305100849","AI Engineer","Uplers","Madurai, Tamil Nadu, India","2025-09-23","18:50:41"
"https://www.linkedin.com/jobs/view/4305106795","AI Engineer","Uplers","Pune, Maharashtra, India","2025-09-23","18:50:41"
"https://www.linkedin.com/jobs/view/4305114188","AI Engineer","Uplers","Bengaluru, Karnataka, India","2025-09-23","18:50:41"
"https://www.linkedin.com/jobs/view/4305119051","AI Engineer","Uplers","Jamshedpur, Jharkhand, India","2025-09-23","18:50:41"
"https://www.linkedin.com/jobs/view/4305119045","AI Engineer","Uplers","Hyderabad, Telangana, India","2025-09-23","18:50:41"
"https://www.linkedin.com/jobs/view/4305102864","AI Engineer","Uplers","Indore, Madhya Pradesh, India","2025-09-23","18:50:41"
"https://www.linkedin.com/jobs/view/4305123146","AI Engineer","Uplers","","2025-09-23","18:50:41"
"https://www.linkedin.com/jobs/view/4305119062","AI Engineer","Uplers","Maharashtra, India","2025-09-23","18:50:41"
"https://www.linkedin.com/jobs/view/4305119060","AI Engineer","Uplers","Nagpur, Maharashtra, India","2025-09-23","18:50:41"
"https://www.linkedin.com/jobs/view/4305117126","AI Engineer","Uplers","Thane, Maharashtra, India","2025-09-23","18:50:41"
"https://www.linkedin.com/jobs/view/4305114193","AI Engineer","Uplers","Bhopal, Madhya Pradesh, India","2025-09-23","18:50:41"
"https://www.linkedin.com/jobs/view/4305105845","AI Engineer","Uplers","Dehradun, Uttarakhand, India","2025-09-23","18:50:41"
"https://www.linkedin.com/jobs/view/4305111626","AI Engineer","Uplers","Ranchi, Jharkhand, India","2025-09-23","18:50:41"
"https://www.linkedin.com/jobs/view/4305117133","AI Engineer","Uplers","Patna, Bihar, India","2025-09-23","18:50:41"
"https://www.linkedin.com/jobs/view/4305108776","AI Engineer","Uplers","Guwahati, Assam, India","2025-09-23","18:50:41"
"https://www.linkedin.com/jobs/view/4305102908","Senior AI Engineer â€“ Generative Video","Uplers","Visakhapatnam Rural mandal, India","2025-09-23","18:50:41"
"https://www.linkedin.com/jobs/view/4305118300","Senior AI Engineer â€“ Generative Video","Uplers","Kochi, Kerala, India","2025-09-23","18:50:41"
"https://www.linkedin.com/jobs/view/4305130011","Senior AI Engineer â€“ Generative Video","Uplers","Vijayawada, Andhra Pradesh, India","2025-09-23","18:50:41"
"https://www.linkedin.com/jobs/view/4305108948","Senior AI Engineer â€“ Generative Video","Uplers","Madurai, Tamil Nadu, India","2025-09-23","18:50:41"
"https://www.linkedin.com/jobs/view/4305110840","Senior AI Engineer â€“ Generative Video","Uplers","Chennai, Tamil Nadu, India","2025-09-23","18:50:41"
"https://www.linkedin.com/jobs/view/4305114274","Senior AI Engineer â€“ Generative Video","Uplers","Hyderabad, Telangana, India","2025-09-23","18:50:41"
"https://www.linkedin.com/jobs/view/4305118140","Senior AI Engineer â€“ Generative Video","Uplers","Thiruvananthapuram, Kerala, India","2025-09-23","18:50:41"
"https://www.linkedin.com/jobs/view/4305124131","Senior AI Engineer â€“ Generative Video","Uplers","Mysore, Karnataka, India","2025-09-23","18:50:41"
"https://www.linkedin.com/jobs/view/4305114269","Senior AI Engineer â€“ Generative Video","Uplers","Bengaluru, Karnataka, India","2025-09-23","18:50:41"
"https://www.linkedin.com/jobs/view/4305108991","Senior AI Engineer â€“ Generative Video","Uplers","Indore, Madhya Pradesh, India","2025-09-23","18:50:41"
# Jobs Scraped at : , #, 2025-09-23, 19:16:48
"https://www.linkedin.com/jobs/view/4304309388","Sr. Data Scientist with Computer Vision Experience","Nityo Infotech","Bengaluru, Karnataka, India","2025-09-23","19:16:48"
"https://www.linkedin.com/jobs/view/4305111869","Applied AI Engineer","Uplers","Bengaluru, Karnataka, India","2025-09-23","19:16:48"
"https://www.linkedin.com/jobs/view/4305103775","AI Engineer","Uplers","Thiruvananthapuram, Kerala, India","2025-09-23","19:16:48"
"https://www.linkedin.com/jobs/view/4305110739","AI Engineer","Uplers","Ahmedabad, Gujarat, India","2025-09-23","19:16:48"
"https://www.linkedin.com/jobs/view/4304998950","AI Engineer","Uplers","Coimbatore, Tamil Nadu, India","2025-09-23","19:16:48"
"https://www.linkedin.com/jobs/view/4305105862","AI Engineer","Uplers","Cuttack, Odisha, India","2025-09-23","19:16:48"
"https://www.linkedin.com/jobs/view/4305107979","AI Engineer","Uplers","Aurangabad, Maharashtra, India","2025-09-23","19:16:48"
"https://www.linkedin.com/jobs/view/4305114200","AI Engineer","Uplers","Vellore, Tamil Nadu, India","2025-09-23","19:16:48"
"https://www.linkedin.com/jobs/view/4305113266","AI Engineer","Uplers","Bhubaneswar, Odisha, India","2025-09-23","19:16:48"
"https://www.linkedin.com/jobs/view/4305116133","AI Engineer","Uplers","Vijayawada, Andhra Pradesh, India","2025-09-23","19:16:48"
"https://www.linkedin.com/jobs/view/4305106808","AI Engineer","Uplers","Surat, Gujarat, India","2025-09-23","19:16:48"
"https://www.linkedin.com/jobs/view/4305115179","AI Engineer","Uplers","Raipur, Chhattisgarh, India","2025-09-23","19:16:48"
"https://www.linkedin.com/jobs/view/4305120254","Lead Machine Learning Engineer","Uplers","Bengaluru, Karnataka, India","2025-09-23","19:16:48"
"https://www.linkedin.com/jobs/view/4305101993","Senior AI Engineer â€“ Generative Video","Uplers","","2025-09-23","19:16:48"
"https://www.linkedin.com/jobs/view/4305110788","Senior AI Engineer â€“ Generative Video","Uplers","Ahmedabad, Gujarat, India","2025-09-23","19:16:48"
# Jobs Scraped at : , #, 2025-09-23, 19:37:56
"https://www.linkedin.com/jobs/view/4304302750","Data Scientist","Yochana","Hyderabad, Telangana, India","2025-09-23","19:37:56"
"https://www.linkedin.com/jobs/view/4305114182","AI Engineer","Uplers","Visakhapatnam Rural mandal, India","2025-09-23","19:37:56"
"https://www.linkedin.com/jobs/view/4305116180","AI Engineer","Uplers","Nashik, Maharashtra, India","2025-09-23","19:37:56"
"https://www.linkedin.com/jobs/view/4305103981","AI Engineer","Uplers","Sadar, Uttar Pradesh, India","2025-09-23","19:37:56"
# Jobs Scraped at : , #, 2025-09-23, 23:37:58
"https://www.linkedin.com/jobs/view/4305173141","Senior AI Engineer - Remote Work | REF#285311","BairesDev","Bengaluru, Karnataka, India","2025-09-23","23:37:58"
# Jobs Scraped at : , #, 2025-09-24, 01:37:35
"https://www.linkedin.com/jobs/view/4305176848","RBHU Analytics - Data Scientist - Machine Learning","ETG India","Navi Mumbai, Maharashtra, India","2025-09-24","01:37:35"
"https://www.linkedin.com/jobs/view/4305175869","Machine Learning Engineer","Cyanous Software Private Limited","","2025-09-24","01:37:35"
"https://www.linkedin.com/jobs/view/4305186275","Artificial Intelligence/Machine Learning Engineer - LLM Models","Team Computers","Bengaluru, Karnataka, India","2025-09-24","01:37:35"
"https://www.linkedin.com/jobs/view/4304316640","AI developer intern","Ropeli AI","Noida, Uttar Pradesh, India","2025-09-24","01:37:35"
"https://www.linkedin.com/jobs/view/4305194000","VUPICO - Agentic AI Developer - Java","VUPICO","","2025-09-24","01:37:35"
# Jobs Scraped at : , #, 2025-09-24, 03:00:01
"https://www.linkedin.com/jobs/view/4302928525","Machine Learning Engineer","Friday AI","Hyderabad, Telangana, India","2025-09-24","03:00:01"
"https://www.linkedin.com/jobs/view/4305504432","Lead Data Scientist","Hirenza","","2025-09-24","03:00:01"
# Jobs Scraped at : , #, 2025-09-24, 04:24:22
"https://www.linkedin.com/jobs/view/4305524142","Python- AI Specialist (3+ Years)","Awign","Mumbai, Maharashtra, India","2025-09-24","04:24:22"
# Jobs Scraped at : , #, 2025-09-24, 04:43:17
"https://in.indeed.com/viewjob?jk=4831cc655202049f","Machine Learning Engineer","MIT Academy","MH, IN","2025-09-24","04:43:17"
"https://www.linkedin.com/jobs/view/4304379020","Gen AI Engineer","Valuebound","Bengaluru, Karnataka, India","2025-09-24","04:43:17"
# Jobs Scraped at : , #, 2025-09-24, 05:19:55
"https://www.linkedin.com/jobs/view/4304370466","Gen AI Engineer","Office Solution AI Labs","","2025-09-24","05:19:55"
"https://www.linkedin.com/jobs/view/4304334039","Google Cloud  Devops Engineer/ Google Cloud SRE Engineer - Remote Work","techolution","","2025-09-24","05:19:55"
# Jobs Scraped at : , #, 2025-09-24, 05:40:36
"https://www.linkedin.com/jobs/view/4304378325","Machine Learning Engineer","Recro","Bengaluru, Karnataka, India","2025-09-24","05:40:36"
"https://www.linkedin.com/jobs/view/4304385205","AI & Machine Learning Engineer","Onelab Ventures","Pune, Maharashtra, India","2025-09-24","05:40:36"
"https://www.linkedin.com/jobs/view/4304377335","Senior AI Engineer","Swift Strategic Solutions Inc","Pune, Maharashtra, India","2025-09-24","05:40:36"
"https://www.linkedin.com/jobs/view/4304370596","AI Engineer","Uplers","Delhi, India","2025-09-24","05:40:36"
# Jobs Scraped at : , #, 2025-09-24, 06:31:06
"https://in.indeed.com/viewjob?jk=7764b4be1f7101a2","DevOps Engineer","Techify Solutions Pvt Ltd","GJ, IN","2025-09-24","06:31:06"
"https://www.linkedin.com/jobs/view/4304372662","AI Engineer (Automotive)","Infosys","Bengaluru East, Karnataka, India","2025-09-24","06:31:06"
"https://www.linkedin.com/jobs/view/4304370750","Gen AI Engineer","Office Solution AI Labs","","2025-09-24","06:31:06"
"https://www.linkedin.com/jobs/view/4305536364","AI Specialist","Systems Plus Transformations","Pune, Maharashtra, India","2025-09-24","06:31:06"
"https://www.linkedin.com/jobs/view/4304393056","Full-Stack Machine Learning Engineer (FastAPI + Deep Learning)","DeepEdge","Hyderabad, Telangana, India","2025-09-24","06:31:06"
"https://www.linkedin.com/jobs/view/4304372568","Senior AI Engineer - Tier 1 Preferred","Darwix AI","Gurugram, Haryana, India","2025-09-24","06:31:06"
"https://www.linkedin.com/jobs/view/4305540314","AI Engineer â€“ LLM Integration & Platform Observability","HTC Global Services","Bangalore Urban, Karnataka, India","2025-09-24","06:31:06"
# Jobs Scraped at : , #, 2025-09-24, 07:20:06
"https://in.indeed.com/viewjob?jk=a93e9195e58843f7","Data Scientist","SAP","HR, IN","2025-09-24","07:20:06"
"https://in.indeed.com/viewjob?jk=30e4e21e5e5838d6","Senior Data Scientist","Truecaller","KA, IN","2025-09-24","07:20:06"
"https://www.linkedin.com/jobs/view/4304376667","Data Scientist","NTek Software Solutions","Bengaluru, Karnataka, India","2025-09-24","07:20:06"
"https://www.linkedin.com/jobs/view/4304385702","Data Scientist/AI Developer","SolarSquare","Mumbai, Maharashtra, India","2025-09-24","07:20:06"
"https://www.linkedin.com/jobs/view/4305543315","Python/Gen AI Developer","LION AND ELEPHANTS","Coimbatore, Tamil Nadu, India","2025-09-24","07:20:06"
"https://www.linkedin.com/jobs/view/4305541326","Sr AI Engineer","JustHr","Bengaluru, Karnataka, India","2025-09-24","07:20:06"
"https://www.linkedin.com/jobs/view/4305547283","Senior Machine Learning/ NLP Engineer","Unisys","Bangalore Urban, Karnataka, India","2025-09-24","07:20:06"
"https://www.linkedin.com/jobs/view/4302947495","Sr. AI Engineer","TekIT Software Solutions Pvt. Ltd. (India & USA)","Gurgaon Rural, Haryana, India","2025-09-24","07:20:06"
# Jobs Scraped at : , #, 2025-09-24, 07:39:39
"https://www.linkedin.com/jobs/view/4305544473","Machine Learning Engineer","Finarkein","Pune, Maharashtra, India","2025-09-24","07:39:39"
"https://www.linkedin.com/jobs/view/4305544503","Machine Learning Engineer","ServiceNow","Hyderabad, Telangana, India","2025-09-24","07:39:39"
"https://www.linkedin.com/jobs/view/4304392277","Python & AI Developer Intern - Unpaid (AI and ML)","STELLE","Delhi, India","2025-09-24","07:39:39"
# Jobs Scraped at : , #, 2025-09-24, 08:27:54
"https://www.linkedin.com/jobs/view/4304503981","Machine Learning Engineer","ValueLabs","","2025-09-24","08:27:54"
"https://www.linkedin.com/jobs/view/4304500922","Gen AI Engineer","Office Solution AI Labs","","2025-09-24","08:27:54"
"https://www.linkedin.com/jobs/view/4305547491","Senior Machine Learning Engineer","Cloudely, Inc","Bengaluru, Karnataka, India","2025-09-24","08:27:54"
"https://www.linkedin.com/jobs/view/4302948760","Machine Learning Engineer","PAPASIDDHI","Udaipur, Rajasthan, India","2025-09-24","08:27:54"
# Jobs Scraped at : , #, 2025-09-24, 09:22:29
"https://www.linkedin.com/jobs/view/4280812377","Lead Data Scientist (ML, Agentic AI, LLM)","HERE Technologies","Mumbai, Maharashtra, India","2025-09-24","09:22:29"
"https://www.linkedin.com/jobs/view/4304515822","Data Analysts (PowerBI)  Business Intelligence Engineer","VAM Systems","Hyderabad, Telangana, India","2025-09-24","09:22:29"
# Jobs Scraped at : , #, 2025-09-24, 09:41:44
"https://www.linkedin.com/jobs/view/4305555439","GEN AI Developer","Timus Consulting Services","Bengaluru, Karnataka, India","2025-09-24","09:41:44"
# Jobs Scraped at : , #, 2025-09-24, 10:21:16
"https://www.linkedin.com/jobs/view/4283092580","VP Mgr-Data Engineering","Moody's Corporation","Bengaluru, Karnataka, India","2025-09-24","10:21:16"
# Jobs Scraped at : , #, 2025-09-24, 11:16:55
"https://www.linkedin.com/jobs/view/4304537224","Computer Vision Engineer","Thinkneural AI","Thiruvananthapuram Taluk, India","2025-09-24","11:16:55"
"https://www.linkedin.com/jobs/view/4305571163","Senior Machine Learning Engineer","Track3D","Hyderabad, Telangana, India","2025-09-24","11:16:55"
# Jobs Scraped at : , #, 2025-09-24, 11:38:14
"https://www.linkedin.com/jobs/view/4305566604","Machine Learning Engineer","Uplers","","2025-09-24","11:38:14"
# Jobs Scraped at : , #, 2025-09-24, 12:42:09
"https://www.linkedin.com/jobs/view/4304543117","Data Scientist","CG-VAK Software & Exports Ltd.","Bengaluru, Karnataka, India","2025-09-24","12:42:09"
"https://www.linkedin.com/jobs/view/4292160626","AI Developer","Nemetschek Group","Hyderabad, Telangana, India","2025-09-24","12:42:09"
"https://www.linkedin.com/jobs/view/4305567874","AI Developer / Data Scientist","Awign","Tamil Nadu, India","2025-09-24","12:42:09"
"https://www.linkedin.com/jobs/view/4283947609","Customer Data Analyst","Netradyne","Bengaluru, Karnataka, India","2025-09-24","12:42:09"
"https://www.linkedin.com/jobs/view/4302962797","Senior AI Engineer (Remote I Immediate Joiners)","Perimattic","","2025-09-24","12:42:09"
"https://www.linkedin.com/jobs/view/4304538428","AI Developer","Amantya Technologies","Gurugram, Haryana, India","2025-09-24","12:42:09"
# Jobs Scraped at : , #, 2025-09-24, 13:29:51
"https://in.indeed.com/viewjob?jk=b2b7f3db20f3e26a","Data Engineer","Micron Technology","TS, IN","2025-09-24","13:29:51"
"https://in.indeed.com/viewjob?jk=222e5819b4dfa303","Senior Backend and DevOps Developer","Webnyay","UP, IN","2025-09-24","13:29:51"
"https://www.linkedin.com/jobs/view/4304536926","Computer Vision Engineer","Recro","","2025-09-24","13:29:51"
"https://www.linkedin.com/jobs/view/4302981055","AI & Machine Learning Engineer-1","Onelab Ventures","Pune, Maharashtra, India","2025-09-24","13:29:51"
"https://www.linkedin.com/jobs/view/4304545262","Gen AI Engineer","Zensar Technologies","Karnataka, India","2025-09-24","13:29:51"
# Jobs Scraped at : , #, 2025-09-24, 14:18:43
"https://www.linkedin.com/jobs/view/4271195755","Senior Core AI Engineer","Calix","Bengaluru, Karnataka, India","2025-09-24","14:18:43"
"https://www.linkedin.com/jobs/view/4294685857","Staff Data Scientist","Warner Bros. Discovery","Hyderabad, Telangana, India","2025-09-24","14:18:43"
"https://www.linkedin.com/jobs/view/4293605518","Databricks AI Engineer","OneMagnify","Chennai, Tamil Nadu, India","2025-09-24","14:18:43"
# Jobs Scraped at : , #, 2025-09-24, 14:41:49
"https://www.linkedin.com/jobs/view/4302994151","AI Engineer ($25K - $50K)","CodeRound AI","","2025-09-24","14:41:49"
# Jobs Scraped at : , #, 2025-09-24, 15:21:32
"https://www.linkedin.com/jobs/view/4304546618","Machine Learning Engineer","Yochana","Hyderabad, Telangana, India","2025-09-24","15:21:32"
"https://www.linkedin.com/jobs/view/4304554480","Agentic AI Engineer","techolution","Hyderabad, Telangana, India","2025-09-24","15:21:32"
"https://www.linkedin.com/jobs/view/4305600543","AI Engineer â€“ LLM Integration & Platform Observability","HTC Global Services","Bangalore Urban, Karnataka, India","2025-09-24","15:21:32"
# Jobs Scraped at : , #, 2025-09-24, 15:41:10
"https://www.linkedin.com/jobs/view/4305617142","Python AI Engineer - 17852","Turing","","2025-09-24","15:41:10"
# Jobs Scraped at : , #, 2025-09-24, 16:27:14
"https://www.linkedin.com/jobs/view/4304558598","Junior AI Engineer","closetspace.club","Mangaluru, Karnataka, India","2025-09-24","16:27:14"
"https://www.linkedin.com/jobs/view/4304547772","AI Engineer","EduRun Group","Bengaluru, Karnataka, India","2025-09-24","16:27:14"
# Jobs Scraped at : , #, 2025-09-24, 16:48:43
"https://www.linkedin.com/jobs/view/4304544994","CorpTech - IM - Sr. Python AI Developer","MassMutual India","Hyderabad, Telangana, India","2025-09-24","16:48:43"
# Jobs Scraped at : , #, 2025-09-24, 17:18:17
"https://www.linkedin.com/jobs/view/4304568106","AI Engineer","TechLean IT Services LLC","Hyderabad, Telangana, India","2025-09-24","17:18:17"
"https://www.linkedin.com/jobs/view/4305627343","Python AI Engineer - 17852","Turing","Bengaluru, Karnataka, India","2025-09-24","17:18:17"
"https://www.linkedin.com/jobs/view/4305616748","Python AI Engineer - 17852","Turing","Bengaluru, Karnataka, India","2025-09-24","17:18:17"
"https://www.linkedin.com/jobs/view/4305614838","Python AI Engineer - 17852","Turing","Bengaluru, Karnataka, India","2025-09-24","17:18:17"
"https://www.linkedin.com/jobs/view/4305627342","Python AI Engineer - 17852","Turing","Bengaluru, Karnataka, India","2025-09-24","17:18:17"
"https://www.linkedin.com/jobs/view/4305621566","Python AI Engineer - 17852","Turing","Bengaluru, Karnataka, India","2025-09-24","17:18:17"
"https://www.linkedin.com/jobs/view/4305632005","Python AI Engineer - 17852","Turing","Mumbai, Maharashtra, India","2025-09-24","17:18:17"
"https://www.linkedin.com/jobs/view/4305610968","Python AI Engineer - 17852","Turing","Mumbai, Maharashtra, India","2025-09-24","17:18:17"
"https://www.linkedin.com/jobs/view/4305626411","Python AI Engineer - 17852","Turing","Mumbai, Maharashtra, India","2025-09-24","17:18:17"
"https://www.linkedin.com/jobs/view/4305630146","Python AI Engineer - 17852","Turing","Mumbai, Maharashtra, India","2025-09-24","17:18:17"
"https://www.linkedin.com/jobs/view/4305628293","Python AI Engineer - 17852","Turing","Mumbai, Maharashtra, India","2025-09-24","17:18:17"
"https://www.linkedin.com/jobs/view/4305626051","Python AI Engineer - 17852","Turing","","2025-09-24","17:18:17"
